"rmse_vals_lr","rmse_vals_xgb"
0.124920621846969,0.115343526834815
0.12186618172505,0.117573616397222
0.120662973411662,0.113572309013281
0.121086920912123,0.113795352079584
0.112970816228733,0.11099646845354
0.134074845241539,0.129618418565109
0.126430221856019,0.128751793393183
0.119538866127851,0.125280791431306
0.129567986304104,0.131112273780335
0.125725395419209,0.127502657177311
