"lr_model_time","lr_pred_time","xgb_model_time","xgb_pred_time"
22.7735967636108,0.113829612731934,1027.49729323387,1.23508739471436
